{"cameraMode":{"drawMode":0,"name":"Shaded","section":"Shading Mode"},"sceneLighting":true,"audioPlay":false,"sceneViewState":{"showFog":true,"showMaterialUpdate":false,"showSkybox":true,"showFlares":true,"showImageEffects":true,"showParticleSystems":true},"in2DMode":false,"pivot":{"x":4.475892543792725,"y":1.7607531547546387,"z":-2.6713690757751467},"rotation":{"x":0.001467974274419248,"y":0.9821044206619263,"z":-0.18817518651485444,"w":0.007661344949156046},"size":3.752610921859741,"orthographic":false}